{"google_knn_rb_lambda0.1": [0.25424250000000004, 0.3837575, 0.50852, 0.636575, 0.7486575, 0.7486575], "google_knn_rb_lambda0.14": [0.31632499999999997, 0.4785924999999999, 0.6362674999999999, 0.7304799999999999, 0.7304799999999999, 0.7304799999999999], "google_knn_rb_lambda0.18": [0.4122, 0.614425, 0.7106875, 0.7106875, 0.7106875, 0.7106875], "google_knn_rb_lambda0.22": [0.49271750000000003, 0.697725, 0.697725, 0.697725, 0.697725, 0.697725], "google_knn_rb_lambda0.24": [0.5546875, 0.688995, 0.688995, 0.688995, 0.688995, 0.688995],"ours": [0.6739474999999999, 0.700075, 0.7197125, 0.7366349999999999, 0.7484824999999999, 0.75747]}