{
    "carrot_sprout_mu=0.99": [0.6307590883405685, 0.6307590883405685, 0.6307590883405685, 0.6307590883405685, 0.6307590883405685, 0.6307590883405685, 0.6307590883405685, 0.6307590883405685, 0.6307590883405685, 0.6307590883405685, 0.6307590883405685, 0.6307590883405685],
    "carrot_sprout_mu=0.95": [0.5717084196647315, 0.6784140139386106, 0.6784140139386106, 0.6784140139386106, 0.6784140139386106, 0.6784140139386106, 0.6784140139386106, 0.6784140139386106, 0.6784140139386106, 0.6784140139386106, 0.6784140139386106, 0.6784140139386106],
    "carrot_sprout_mu=0.9": [0.33330194010171527, 0.40600866453193, 0.49747598417781735, 0.5821246939160007, 0.6611414579016884, 0.7109060086645455, 0.7109060086645455, 0.7109060086645455, 0.7109060086645455, 0.7109060086645455, 0.7109060086645455, 0.7109060086645455],
    "carrot_sprout_mu=0.8": [0.23403654172160465, 0.29429271049161865, 0.3595592390280672, 0.4053305707289535, 0.47065360708231774, 0.5288001506875182, 0.5878508193633535, 0.6408928235072617, 0.6938218120173406, 0.7519118478056261, 0.7519118478056261, 0.7519118478056261],
    "carrot_sprout_mu=0.7": [0.20001883593897088, 0.2475230740252401, 0.29491429647767997, 0.3511960821246953, 0.40171407044641405, 0.4510830664908681, 0.5068562817856521, 0.5603691844038491, 0.6141646261066196, 0.6581088717272651, 0.7072518365040608, 0.7522132228291699],
    "ours": [0.6639103409305108, 0.6778489357694634, 0.688378225654564, 0.7054153324543375, 0.7092296100960773, 0.7097381804483088, 0.717131286494645, 0.7276982482576888, 0.7367112450555793, 0.7505179883217313, 0.7639291768694801, 0.7770954982105988]
}