{
    "google_knn_rb_lambda0.1": [0.252, 0.39135000000000003, 0.5209750000000001, 0.64425, 0.741125, 0.741125], 
    "google_knn_rb_lambda0.12": [0.28235000000000005, 0.43285, 0.582525, 0.72115, 0.7363999999999999, 0.7363999999999999], 
    "google_knn_rb_lambda0.14": [0.3206, 0.48710000000000003, 0.6514000000000001, 0.7222750000000001, 0.7222750000000001, 0.7222750000000001], 
    "google_knn_rb_lambda0.16": [0.37972500000000003, 0.5667750000000001, 0.7101500000000001, 0.7101500000000001, 0.7101500000000001, 0.7101500000000001], 
    "google_knn_rb_lambda0.18": [0.43010000000000004, 0.6330250000000001, 0.7029000000000001, 0.7029000000000001, 0.7029000000000001, 0.7029000000000001],
    "AUPD_exp_knn_rb_vs1": [0.6690250000000001, 0.6887750000000001, 0.714775, 0.726125, 0.74325, 0.747875]
}