{
    "rb_ratio": [[0.4592575000000001, 0.4596974999999999, 0.458825, 0.45698, 0.45786250000000017], [0.4600675000000002, 0.45730250000000006, 0.4590875000000002, 0.4611675000000001, 0.45833500000000005], [0.4584375000000001, 0.4592050000000001, 0.4592125000000001, 0.4573975, 0.45805250000000014]], 
    "rb_cons": [[0.54785, 0.5441900000000001, 0.5441524999999999, 0.5456300000000001, 0.5430550000000001], [0.6533900000000001, 0.6541450000000002, 0.6530350000000001, 0.6538225000000001, 0.6540925], [0.7025775, 0.7029725, 0.7089525000000001, 0.708025, 0.7036225000000003]], 
    "rb_AUPD_exp": [[0.5827, 0.5945075000000001, 0.5843975000000002, 0.5882175000000002, 0.5913425], [0.6751650000000001, 0.6740525, 0.673345, 0.67435, 0.6746625], [0.7567075000000001, 0.7591450000000002, 0.7528525000000001, 0.7539450000000002, 0.75147]], 
    "rb_gradient": [[0.59874, 0.5982400000000001, 0.5974825000000001, 0.5978600000000001, 0.5962075], [0.6679500000000003, 0.662905, 0.6593100000000002, 0.6700875000000003, 0.6620975000000002], [0.7722150000000001, 0.7717725000000001, 0.7726550000000001, 0.7700350000000002, 0.7721550000000001]], 
    "rb_google": [[0.41002, 0.39994, 0.40464000000000006, 0.4039375, 0.4062225], [0.6521100000000002, 0.6530925000000001, 0.6523600000000003, 0.6503150000000001, 0.6509325], [0.7245300000000002, 0.7237049999999999, 0.72536, 0.7255475, 0.7244575000000003]], 
    "sp_carrot2": [[0.6370126200791253, 0.6370126200791256, 0.6370126200791257, 0.6370126200791265, 0.6370126200791254], [0.6999434921830993, 0.6892823507251986, 0.6909399133546946, 0.6914296477679545, 0.6925786400452199], [0.7054059144848441, 0.7043511019024373, 0.7048220003767256, 0.7055754379355874, 0.7073836880768575]], 
    "sp_ratio": [[0.010491618007157654, 0.010811828969674139, 0.012036165002825389, 0.010717649274816348, 0.010397438312299867], [0.017555095121491806, 0.0179129779619514, 0.018101337351666982, 0.01819551704652477, 0.020474665662083256], [0.029930307025805254, 0.03497833867018272, 0.031813900922961026, 0.03170088528913168, 0.035882463740817494]], 
    "sp_AUPD_exp": [[0.666716895837272, 0.6662083254850405, 0.6542663401770723, 0.6614428329252355, 0.6628932002260463], [0.7205500094179856, 0.724260689395382, 0.7233188924468044, 0.72930872103976, 0.726445658316083], [0.782557920512349, 0.7878131474854121, 0.7825202486344064, 0.7925974759841896, 0.7743642870597238]], 
    "sp_cons": [[0.6602184968920829, 0.6584855905066985, 0.6595780749670488, 0.6601431531361956, 0.6524769259747721], [0.6818986626483466, 0.6947636089659207, 0.6843096628367058, 0.6915614993407558, 0.6949519683556361], [0.751874175927679, 0.7465059333207856, 0.7485025428517695, 0.7511019024298461, 0.7450367300810044]], 
    "sp_gradient": [[0.5922019212657856, 0.5968167263138164, 0.581427764174054, 0.5798832171783851, 0.5779242795253442], [0.6309003578828499, 0.6489640233565734, 0.6416556790356098, 0.6346863816161326, 0.6352514597852795], [0.7180165756263059, 0.7054341683933054, 0.6995385194952072, 0.7050574496138735, 0.705283480881532]]
}