{"sp_carrot2": [[0.7055377660576445, 0.7112638915049986, 0.7074401958937726, 0.7090789225842972, 0.7132228291580406]], "sp_ratio": [[0.0320964400075344, 0.03211527594650595, 0.03275569787153891, 0.03499717460915429, 0.03266151817668112]], "sp_AUPD_exp": [[0.7762855528348226, 0.7687511772461932, 0.778056131098146, 0.7790355999246676, 0.7808438500659375]], "sp_cons": [[0.7517046524769347, 0.7518176681107638, 0.7507063477114427, 0.7643058956489068, 0.7599547937464775]], "sp_gradient": [[0.6542569222075842, 0.6511678282162492, 0.6038802034281504, 0.6481258240723423, 0.6122056884535795]]}