{
    "sp_carrot2": [[0.7580900357882918, 0.7520436993784221, 0.759804106234704, 0.7530985119608292, 0.7552081371256434]], 
    "sp_ratio": [[0.030796760218496914, 0.03633452627613488, 0.03192691655679038, 0.03527971369372765, 0.033075908834055395]], 
    "sp_AUPD_exp": [[0.7754756074590401, 0.783367865888122, 0.7821623657939422, 0.7780372951591719, 0.7815219438689095]], 
    "sp_cons": [[0.781974006404229, 0.7803729515916468, 0.7779619514032868, 0.7839329440572699, 0.7771592955358906]], 
    "sp_gradient": [[0.6120173290638633, 0.5981164061028539, 0.6611414579016899, 0.6412318704087508, 0.6352420418157961]]
}