{
    "rb_ratio": [[0.4591200000000001, 0.4575375, 0.4563125, 0.46026500000000004, 0.459765], [0.45801500000000017, 0.45958500000000013, 0.46053749999999993, 0.45925000000000016, 0.45880250000000006], [0.4585475000000002, 0.45888500000000004, 0.4626225000000001, 0.46042750000000005, 0.45823250000000015]], 
    "rb_cons": [[0.5429275000000001, 0.5469225000000001, 0.5442825000000001, 0.54832, 0.5471500000000001], [0.6493050000000001, 0.6511925000000002, 0.6578825, 0.6498375000000001, 0.6514225000000001], [0.6997175000000001, 0.7028025000000001, 0.7047825000000001, 0.7077424999999999, 0.705165]],
    "rb_AUPD_exp": [[0.5659299999999999, 0.5888300000000001, 0.5978600000000001, 0.5826800000000001, 0.5984275], [0.67551, 0.6753000000000001, 0.6725925, 0.6758474999999999, 0.6804775000000002], [0.7570950000000001, 0.7566400000000001, 0.7569825000000002, 0.7549625000000002, 0.7554175000000001]], 
    "rb_gradient": [[0.4584324999999999, 0.4427125000000002, 0.44735250000000004, 0.44514499999999996, 0.44432750000000004], [0.5040100000000002, 0.501505, 0.5000150000000001, 0.5006625000000001, 0.5016700000000001], [0.5742325, 0.5614500000000001, 0.5658700000000002, 0.5622249999999999, 0.5679049999999999]],
    "rb_carrot": [[0.40671500000000016, 0.40084000000000003, 0.4014075, 0.4061775000000001, 0.40416749999999996], [0.6512700000000001, 0.6534900000000001, 0.6509375000000001, 0.6536675000000001, 0.6531], [0.7240900000000001, 0.7250225000000001, 0.7247675000000002, 0.72605, 0.7262425000000001]], 
    "sp_carrot": [[0.6370126200791264, 0.6370126200791254, 0.6370126200791251, 0.6370126200791255, 0.6370126200791257], [0.6975136560557683, 0.699604445281611, 0.6926163119231636, 0.693821812017343, 0.6970239216425073], [0.7858542098323674, 0.7838952721793262, 0.7867960067809456, 0.7840459596910981, 0.7812205688453648]], 
    "sp_ratio": [[0.010190242983612732, 0.009757016387266905, 0.010717649274816348, 0.00979468826521002, 0.009229610096063287], [0.01787530608400829, 0.018930118666415526, 0.018572235825955925, 0.02039932190619703, 0.01908080617818798], [0.04077980787342251, 0.038952721793181405, 0.04247504238086272, 0.039555471840271264, 0.03966848747410061]], 
    "sp_AUPD_exp": [[0.666377848935784, 0.6654548879261784, 0.6586927858353886, 0.6530608400828926, 0.6512714258805947], [0.7236956112262363, 0.7196835562252939, 0.7268035411565417, 0.7288001506875275, 0.7114710868336941], [0.8122998681484337, 0.7976078357506202, 0.8068996044452881, 0.804733471463559, 0.8080429459408616]], 
    "sp_cons": [[0.6621020907892385, 0.6629497080429585, 0.6584479186287565, 0.6545865511395873, 0.6563006215859983], [0.6895648898097698, 0.6915426634017834, 0.6861555848559185, 0.6894895460538844, 0.6910906008664667], [0.8074401958937719, 0.8099453757769892, 0.8094933132416717, 0.808250141269549, 0.8100772273497902]], 
    "sp_gradient": [[0.41806366547372736, 0.42740629120362067, 0.4093426257298961, 0.4171595404030922, 0.4093237897909237], [0.5498398945187498, 0.5159728762478875, 0.5359954793746543, 0.5287248069316336, 0.5634394424562151], [0.6697871538896336, 0.6646637784893704, 0.654887926163131, 0.6377095498210685, 0.6598229421736785]]
}