{
    "0.99": [0.6307590883405685, 0.6307590883405685, 0.6307590883405685, 0.6307590883405685, 0.6307590883405685, 0.6307590883405685, 0.6307590883405685, 0.6307590883405685, 0.6307590883405685, 0.6307590883405685, 0.6307590883405685, 0.6307590883405685], 
    "0.95": [0.5717084196647315, 0.6784140139386106, 0.6784140139386106, 0.6784140139386106, 0.6784140139386106, 0.6784140139386106, 0.6784140139386106, 0.6784140139386106, 0.6784140139386106, 0.6784140139386106, 0.6784140139386106, 0.6784140139386106], 
    "0.90": [0.33330194010171527, 0.40600866453193, 0.49747598417781735, 0.5821246939160007, 0.6611414579016884, 0.7109060086645455, 0.7109060086645455, 0.7109060086645455, 0.7109060086645455, 0.7109060086645455, 0.7109060086645455, 0.7109060086645455], 
    "0.80": [0.23403654172160465, 0.29429271049161865, 0.3595592390280672, 0.4053305707289535, 0.47065360708231774, 0.5288001506875182, 0.5878508193633535, 0.6408928235072617, 0.6938218120173406, 0.7519118478056261, 0.7519118478056261, 0.7519118478056261],
    "0.70": [0.20001883593897088, 0.2475230740252401, 0.29491429647767997, 0.3511960821246953, 0.40171407044641405, 0.4510830664908681, 0.5068562817856521, 0.5603691844038491, 0.6141646261066196, 0.6581088717272651, 0.7072518365040608, 0.7522132228291699], 
    "0.50": [0.1678470521755505, 0.20987003202109578, 0.25093237897909204, 0.2892446788472409, 0.32951591636843186, 0.3734413260501051, 0.41625541533245647, 0.4502919570540621, 0.4938971557732196, 0.5343190808061834, 0.5784516858165442, 0.6275193068374532], 
    "gradient": [0.35923902806555086, 0.44055377660576844, 0.4630062158598665, 0.501789414202305, 0.4688415897532551, 0.5224241853456474, 0.5874364287059815, 0.5882463740817581, 0.6060275004709096, 0.6370126200791225, 0.649764550762868, 0.6214164626106727],
    "AUPD": [0.6630815596157622, 0.6760218496892223, 0.6916933509135582, 0.7040497268788996, 0.708871727255618, 0.7120926728197536, 0.7183650404972822, 0.7268223770955115, 0.7334149557355563, 0.749161800715779, 0.7671877943115596, 0.7803917875306211]
}