{
    "rb_on_AUPD_20": [[0.5498999999999999, 0.5652999999999999, 0.5503250000000001, 0.5315250000000001, 0.535125], [0.7318250000000001, 0.731125, 0.7159750000000001, 0.7277250000000001, 0.725]], 
    "rb_on_AUPD_100": [[0.5402, 0.561825, 0.5618500000000001, 0.5757000000000001, 0.5665], [0.7163249999999999, 0.73345, 0.749875, 0.7339, 0.7226]], 
    "rb_on_AUPD_1": [[0.55145, 0.55225, 0.549725, 0.528625, 0.554575], [0.694625, 0.712625, 0.7189500000000001, 0.707425, 0.72335]], 
    "rb_off_AUPD_20": [[0.6047750000000001, 0.5841500000000001, 0.5888499999999999, 0.5895499999999999, 0.5872999999999999], [0.7573, 0.75025, 0.776575, 0.760625, 0.7638]], 
    "rb_off_AUPD_100": [[0.59225, 0.6029, 0.60225, 0.6062750000000001, 0.6105499999999999], [0.7696000000000001, 0.768875, 0.7724500000000001, 0.7651, 0.774225]], 
    "rb_off_AUPD_1": [[0.58285, 0.5856750000000001, 0.589075, 0.577425, 0.581875], [0.7359249999999999, 0.7487, 0.758075, 0.7359000000000001, 0.74425]]
}