{
    "rb_on_AUPD_20": [[0.5588, 0.5423, 0.5452, 0.5396, 0.551], [0.748, 0.7269, 0.7288, 0.70055, 0.7365499999999999]], 
    "rb_on_AUPD_100": [[0.5425500000000001, 0.5464000000000001, 0.539375, 0.5374000000000001, 0.5159750000000001], [0.74015, 0.690625, 0.726625, 0.701025, 0.740075]], 
    "rb_on_AUPD_1": [[0.5344249999999999, 0.5303, 0.5172749999999999, 0.532025, 0.5278999999999999], [0.709375, 0.7176750000000001, 0.7236500000000001, 0.726125, 0.705825]],
    "rb_off_AUPD_20": [[0.5825750000000001, 0.59975, 0.59175, 0.5865, 0.5969249999999999], [0.757, 0.75825, 0.7685, 0.750675, 0.75735]], 
    "rb_off_AUPD_100": [[0.595725, 0.59485, 0.594975, 0.604975, 0.60125], [0.7586750000000001, 0.7699750000000001, 0.75255, 0.7637999999999999, 0.753575]], 
    "rb_off_AUPD_1": [[0.58625, 0.566225, 0.5695, 0.57135, 0.5645], [0.7279, 0.7311500000000001, 0.723475, 0.7342000000000001, 0.7417]]
}