{
    "rb_on_AUPD_1": [[0.5547000000000001, 0.53125, 0.539525, 0.5367750000000001, 0.547125], [0.7229249999999999, 0.693725, 0.7249000000000001, 0.719525, 0.7246500000000001]],
    "rb_on_AUPD_20": [[0.555975, 0.5660499999999999, 0.538275, 0.55165, 0.566725], [0.7386, 0.727075, 0.7401749999999999, 0.744125, 0.728275]], 
    "rb_on_AUPD_100": [[0.5406, 0.54945, 0.5470750000000001, 0.55725, 0.55455], [0.72165, 0.7108, 0.718, 0.71005, 0.6954]],   
    "rb_off_AUPD_1": [[0.592175, 0.5804250000000001, 0.5770000000000001, 0.585825, 0.5794250000000001], [0.735325, 0.7182249999999999, 0.7189749999999999, 0.72345, 0.714625]],
    "rb_off_AUPD_20": [[0.5975000000000001, 0.60065, 0.5895750000000001, 0.5775, 0.5805250000000001], [0.7459749999999999, 0.738525, 0.7487, 0.749375, 0.7404749999999999]], 
    "rb_off_AUPD_100": [[0.580875, 0.601875, 0.586125, 0.5689249999999999, 0.5841000000000001], [0.7562000000000001, 0.7391, 0.7463, 0.7379000000000001, 0.7492000000000001]]
}