{
    "rb_on_AUPD_1": [[0.5547000000000001, 0.53125, 0.539525, 0.5367750000000001, 0.547125], [0.7229249999999999, 0.693725, 0.7249000000000001, 0.719525, 0.7246500000000001]],
    "rb_on_AUPD_20": [[0.555975, 0.5660499999999999, 0.538275, 0.55165, 0.566725], [0.7386, 0.727075, 0.7401749999999999, 0.744125, 0.728275]], 
    "rb_on_AUPD_100": [[0.5406, 0.54945, 0.5470750000000001, 0.55725, 0.55455], [0.72165, 0.7108, 0.718, 0.71005, 0.6954]],   
    "rb_off_AUPD_20": [[0.5825750000000001, 0.59975, 0.59175, 0.5865, 0.5969249999999999], [0.757, 0.75825, 0.7685, 0.750675, 0.75735]], 
    "rb_off_AUPD_100": [[0.595725, 0.59485, 0.594975, 0.604975, 0.60125], [0.7586750000000001, 0.7699750000000001, 0.75255, 0.7637999999999999, 0.753575]], 
    "rb_off_AUPD_1": [[0.58625, 0.566225, 0.5695, 0.57135, 0.5645], [0.7279, 0.7311500000000001, 0.723475, 0.7342000000000001, 0.7417]]
}